Subject ID,Data Type,Class,mean,variance,min,max
F001,BP Dia_mmHg,No Pain,37.45749990523893,18.31801655575405,30.1804,46.2806
F001,EDA_microsiemens,No Pain,3.9094147890438156,0.03105830532641872,3.5675,4.31366
F001,LA Systolic BP_mmHg,No Pain,103.80967814629304,14.792357228198826,95.7038,112.07
F001,Respiration Rate_BPM,No Pain,14.52098598619196,18.802683062824837,7.66186,19.98
F001,BP Dia_mmHg,Pain,48.86400694459562,336.93051205798577,0,80.9625
F001,EDA_microsiemens,Pain,1.8792619080397162,6.97222530724523,-0.010682,7.25098
F001,LA Systolic BP_mmHg,Pain,95.30687071949494,333.8569930637538,0,123.621
F001,Respiration Rate_BPM,Pain,16.49889657124197,23.285758577470276,6.5388,19.9468
F002,BP Dia_mmHg,No Pain,103.00501420245219,63.060092034030646,0,121.464
F002,EDA_microsiemens,No Pain,0.05471260306621703,0.0013232429846011683,0.0152579,0.401305
F002,LA Systolic BP_mmHg,No Pain,123.07513333073429,20.9574262218327,0,127.963
F002,Respiration Rate_BPM,No Pain,13.45183787255609,8.504780927799521,6.85636,19.4238
F002,BP Dia_mmHg,Pain,64.78723746820678,38.33705736831066,0,82.7646
F002,EDA_microsiemens,Pain,0.16967171290521166,0.02078151207514688,0.0152579,1.16272
F002,LA Systolic BP_mmHg,Pain,103.46510219352957,73.68171534410529,0,123.68
F002,Respiration Rate_BPM,Pain,15.131588319860029,23.819758994047064,0,19.98
F003,BP Dia_mmHg,No Pain,74.74133326714586,1.9944715383638627,72.0597,77.4346
F003,EDA_microsiemens,No Pain,3.8917452940709265,0.03748566819855232,3.52478,4.33197
F003,LA Systolic BP_mmHg,No Pain,111.27434927127597,4.482839972484479,105.875,114.233
F003,Respiration Rate_BPM,No Pain,13.7168538902347,27.821899163391087,0,19.9933
F003,BP Dia_mmHg,Pain,66.83048640645586,15.315065112835518,55.0487,73.1524
F003,EDA_microsiemens,Pain,0.651218115909091,0.005150547441912618,0.537108,0.767516
F003,LA Systolic BP_mmHg,Pain,94.60834588603426,14.581988552935531,79.4429,100.854
F003,Respiration Rate_BPM,Pain,12.59453448748353,18.257122592898483,0,16.9109
F004,BP Dia_mmHg,No Pain,106.10668232249716,5.798063902991829,102.14,112.391
F004,EDA_microsiemens,No Pain,8.59423595471454,0.07487791633235742,8.25806,9.34296
F004,LA Systolic BP_mmHg,No Pain,130.0881070354197,5.867435148179448,126.216,134.724
F004,Respiration Rate_BPM,No Pain,14.3463162024907,8.244485987364275,9.62155,19.9867
F004,BP Dia_mmHg,Pain,71.52673730255164,1058.5335980343311,0,131.622
F004,EDA_microsiemens,Pain,6.759160608922062,0.15836733740270517,6.20422,7.75146
F004,LA Systolic BP_mmHg,Pain,106.18295582364173,2529.992586776697,0,222.995
F004,Respiration Rate_BPM,Pain,14.457892104495746,18.255303033323703,6.4921,18.8798
F005,BP Dia_mmHg,No Pain,88.38580322133703,2.850796134757023,85.1827,92.6272
F005,EDA_microsiemens,No Pain,6.930822023553862,0.07122557091518873,6.43158,7.59125
F005,LA Systolic BP_mmHg,No Pain,137.0487816764808,4.482548717687034,132.331,141.341
F005,Respiration Rate_BPM,No Pain,17.73783176653966,3.357304655186426,13.5563,19.9933
F005,BP Dia_mmHg,Pain,82.14120817428186,23.027117926417766,67.7827,92.2136
F005,EDA_microsiemens,Pain,3.405741267270741,0.5010099809553691,2.84729,6.2973
F005,LA Systolic BP_mmHg,Pain,120.40866595977123,22.28136837190746,106.335,127.841
F005,Respiration Rate_BPM,Pain,11.502979122003726,26.31518769690799,0,20
F006,BP Dia_mmHg,No Pain,99.7850777665374,51.17641553970181,0,117.531
F006,EDA_microsiemens,No Pain,4.579130591243747,0.6612211557866786,2.53906,5.47638
F006,LA Systolic BP_mmHg,No Pain,127.95676844826617,202.675636806801,0,142.494
F006,Respiration Rate_BPM,No Pain,14.485069454279772,31.774570143568944,5.43232,19.9933
F006,BP Dia_mmHg,Pain,118.16978600288633,3598.910152121435,0,161.341
F006,EDA_microsiemens,Pain,6.228297565941386,1.910715279010037,4.8172,9.86938
F006,LA Systolic BP_mmHg,Pain,100.148153403619,5381.14787696975,0,179.805
F006,Respiration Rate_BPM,Pain,13.981151511545294,29.556889497446488,0,20
F007,BP Dia_mmHg,No Pain,87.12869410571275,6.400558090255708,83.2625,94.1338
F007,EDA_microsiemens,No Pain,0.39852942989855844,0.0013718836333541568,0.335693,0.489806
F007,LA Systolic BP_mmHg,No Pain,154.6211969033636,7.731357630694485,148.284,161.312
F007,Respiration Rate_BPM,No Pain,15.792594987720236,20.100804347735416,7.27537,19.9933
F007,BP Dia_mmHg,Pain,106.16499636629757,91.09859884858166,0,119.422
F007,EDA_microsiemens,Pain,2.7647354397352677,0.0015724415739469745,2.66113,2.90375
F007,LA Systolic BP_mmHg,Pain,150.1885660981715,599.0864979845047,0,170.706
F007,Respiration Rate_BPM,Pain,11.306079374867421,13.059395450583905,6.22084,19.2061
F008,BP Dia_mmHg,No Pain,74.51866511873699,7.815006874076887,68.2553,81.49
F008,EDA_microsiemens,No Pain,3.0314903177329326,0.03144652056010515,2.6947,3.3905
F008,LA Systolic BP_mmHg,No Pain,123.07353654589292,6.382093513833139,114.665,127.309
F008,Respiration Rate_BPM,No Pain,10.780496113551541,18.6955150596371,0,17.783
F008,BP Dia_mmHg,Pain,76.56357346882089,6.618985593057633,73.6615,81.9331
F008,EDA_microsiemens,Pain,6.678079964353502,0.28915789828989225,5.82886,7.94372
F008,LA Systolic BP_mmHg,Pain,108.0199666682098,11.61512487925931,102.169,113.927
F008,Respiration Rate_BPM,Pain,14.2045179010231,52.694851537576056,0,19.9667
F009,BP Dia_mmHg,No Pain,68.51336615368761,21.783995009266963,59.0383,77.561
F009,EDA_microsiemens,No Pain,8.94455360241833,0.10957229483412965,8.03223,9.7168
F009,LA Systolic BP_mmHg,No Pain,112.23881288859882,23.006713548121056,103.174,123.232
F009,Respiration Rate_BPM,No Pain,14.227293554326543,24.435553361779238,0,19.9137
F009,BP Dia_mmHg,Pain,55.41438035039038,91.37010774915875,0,67.4873
F009,EDA_microsiemens,Pain,9.656803381484806,0.05498802300534527,9.3399,10.4874
F009,LA Systolic BP_mmHg,Pain,96.70682023994124,307.0494199848197,0,141.282
F009,Respiration Rate_BPM,Pain,10.456062108871297,22.58767938636612,0,19.9269
F010,BP Dia_mmHg,No Pain,73.33094705932932,9.73440690785309,68.2849,80.4856
F010,EDA_microsiemens,No Pain,22.383719527085123,0.49168968982784633,21.2555,24.0555
F010,LA Systolic BP_mmHg,No Pain,120.23376938950989,28.56587470633528,108.373,135.581
F010,Respiration Rate_BPM,No Pain,16.94805433705933,26.500749769019365,0,19.98
F010,BP Dia_mmHg,Pain,85.60385831649832,34.820913584964444,75.0204,101.253
F010,EDA_microsiemens,Pain,5.572529414868626,47.34360374375572,-0.00915616,20.3461
F010,LA Systolic BP_mmHg,Pain,116.1545589474997,85.53101967592228,0,135.079
F010,Respiration Rate_BPM,Pain,18.40875461528869,4.787609827767332,13.3869,19.9667
F011,BP Dia_mmHg,No Pain,70.62505460358057,6.299893767036933,66.3351,79.0971
F011,EDA_microsiemens,No Pain,8.53644590056576,0.06470919451530405,8.07648,9.06677
F011,LA Systolic BP_mmHg,No Pain,111.90642571495002,6.181870984812842,104.917,118.713
F011,Respiration Rate_BPM,No Pain,18.298964426877472,3.0565392466267713,13.6178,19.9867
F011,BP Dia_mmHg,Pain,96.1517220301144,209.38069701070623,0,112.893
F011,EDA_microsiemens,Pain,7.074566734510967,0.14556965341769296,6.44836,8.01544
F011,LA Systolic BP_mmHg,Pain,110.51318842681616,402.8888214929067,0,133.365
F011,Respiration Rate_BPM,Pain,16.094841904311835,6.16933043334202,12.8673,19.9933
F012,BP Dia_mmHg,No Pain,62.12785260914019,125.66312578607571,0,78.5063
F012,EDA_microsiemens,No Pain,8.947534186584871,0.07844907149851121,8.50372,9.70611
F012,LA Systolic BP_mmHg,No Pain,111.20145583270637,221.4088330814131,0,126.777
F012,Respiration Rate_BPM,No Pain,12.073806377105157,30.713530263373407,0,19.9933
F012,BP Dia_mmHg,Pain,67.06028160867189,700.6318558667808,0,106.984
F012,EDA_microsiemens,Pain,17.01362336491164,1.2736046835087143,15.0162,18.5654
F012,LA Systolic BP_mmHg,Pain,108.62233733831299,530.1871634249651,0,132.184
F012,Respiration Rate_BPM,Pain,14.279658485152122,5.672621250054623,9.6432,17.741
F013,BP Dia_mmHg,No Pain,73.26766118333333,11.766937816974677,67.1032,81.815
F013,EDA_microsiemens,No Pain,7.44486574,0.0665342555566988,6.88019,7.95288
F013,LA Systolic BP_mmHg,No Pain,114.34048541666667,2.1997510723766966,110.323,117.679
F013,Respiration Rate_BPM,No Pain,11.387447235833333,23.636578566158295,0,19.9867
F013,BP Dia_mmHg,Pain,92.03824658351556,58.714579095367995,0,107.132
F013,EDA_microsiemens,Pain,8.876465112415971,8.99360937000505,0.784301,11.7706
F013,LA Systolic BP_mmHg,Pain,126.11642331470533,76.22489302533543,0,141.903
F013,Respiration Rate_BPM,Pain,8.066095925865932,14.062108649707978,0,14.121
F014,BP Dia_mmHg,No Pain,47.42150966437211,15.185534208113271,41.5792,55.1388
F014,EDA_microsiemens,No Pain,8.631712875199316,0.4677660724729673,6.10504,9.37347
F014,LA Systolic BP_mmHg,No Pain,87.52105905573056,8.698683677313076,82.3763,93.2476
F014,Respiration Rate_BPM,No Pain,17.205347707385368,9.035516968971972,12.333,20
F014,BP Dia_mmHg,Pain,37.159128418038655,19.363915915544833,30.3829,47.783
F014,EDA_microsiemens,Pain,5.147453604275171,0.029315710269685623,4.84772,5.54199
F014,LA Systolic BP_mmHg,Pain,67.03355122059585,25.034452136214014,59.0383,81.9331
F014,Respiration Rate_BPM,Pain,14.48623155949942,18.38382996325205,7.62389,19.3924
F015,BP Dia_mmHg,No Pain,69.80222164278021,2.655551240381995,66.4533,73.5728
F015,EDA_microsiemens,No Pain,7.443405356639881,0.16016482136616045,6.89392,8.74939
F015,LA Systolic BP_mmHg,No Pain,107.52931016485793,3.5090266881026286,103.528,110.736
F015,Respiration Rate_BPM,No Pain,13.6472848749068,38.407958689493995,0,19.9734
F015,BP Dia_mmHg,Pain,65.94952165892589,212.3908794785136,0,77.236
F015,EDA_microsiemens,Pain,9.701537539085498,0.5389061774438584,8.86536,11.3586
F015,LA Systolic BP_mmHg,Pain,117.89183300189704,400.0335751218894,0,138.299
F015,Respiration Rate_BPM,Pain,17.039209053444104,3.4125405115443534,13.9893,19.3798
F016,BP Dia_mmHg,No Pain,56.00813260990332,278.76275806719144,0,68.2553
F016,EDA_microsiemens,No Pain,15.588692254687249,0.08122184936308348,15.2786,16.3437
F016,LA Systolic BP_mmHg,No Pain,76.81832636611291,471.9266442863635,0,91.7705
F016,Respiration Rate_BPM,No Pain,10.25756130334918,14.134228926650438,5.93296,18.0018
F016,BP Dia_mmHg,Pain,67.68099135615536,37.192901348909956,0,74.9022
F016,EDA_microsiemens,Pain,13.41955111751152,0.347266623837524,12.5885,15.3259
F016,LA Systolic BP_mmHg,Pain,84.31078778801843,6.470496383152102,78.0041,91.0024
F016,Respiration Rate_BPM,Pain,15.415144353357471,15.577998989307831,4.09249,20
F017,BP Dia_mmHg,No Pain,62.42974830385488,9.499916550023203,57.559,70.9965
F017,EDA_microsiemens,No Pain,6.111767694331066,0.02490916519908294,5.71442,6.44684
F017,LA Systolic BP_mmHg,No Pain,101.95329146938775,12.318477739709982,92.9394,110.777
F017,Respiration Rate_BPM,No Pain,11.980270991836734,12.25215649686441,6.67557,17.4774
F017,BP Dia_mmHg,Pain,61.669428611294585,20.822176275152085,0,72.1187
F017,EDA_microsiemens,Pain,11.243338342140026,0.4381672279233401,10.0098,13.0402
F017,LA Systolic BP_mmHg,Pain,104.44678366083224,66.48646679781672,0,112.697
F017,Respiration Rate_BPM,Pain,15.183249462351387,16.410987693960696,6.9979,19.9867
F018,BP Dia_mmHg,No Pain,53.3525206960767,8.859473263387343,46.1877,60.0428
F018,EDA_microsiemens,No Pain,5.070153624329969,0.056992459266278044,4.70734,5.69916
F018,LA Systolic BP_mmHg,No Pain,109.89523518131716,10.82557020145401,99.3036,117.708
F018,Respiration Rate_BPM,No Pain,14.340201037320382,9.92605565363324,8.68936,20
F018,BP Dia_mmHg,Pain,62.40471314992717,33.872418912042555,46.2763,78.3291
F018,EDA_microsiemens,Pain,12.243892177143511,0.2166229335773081,11.4761,13.7604
F018,LA Systolic BP_mmHg,Pain,115.9764458373566,44.03512156673266,101.785,131.15
F018,Respiration Rate_BPM,Pain,14.027112542755674,11.18804175568543,8.07754,19.9667
F019,BP Dia_mmHg,No Pain,61.14653186257078,20.055054289215633,53.5731,73.2479
F019,EDA_microsiemens,No Pain,1.2600735008890227,0.15479461027565594,0.875854,1.92566
F019,LA Systolic BP_mmHg,No Pain,121.29215646798151,264.71140800106696,0,130.47
F019,Respiration Rate_BPM,No Pain,18.752184938589053,3.49464628073496,13.7018,20
F019,BP Dia_mmHg,Pain,70.74055852319292,58.77572945173651,52.3324,82.4058
F019,EDA_microsiemens,Pain,3.9333466680871987,0.07958276281560898,3.50647,4.76837
F019,LA Systolic BP_mmHg,Pain,110.40562830847402,27.049586946581293,96.1131,118.565
F019,Respiration Rate_BPM,Pain,15.970161827241435,11.31479357545758,6.07656,19.9933
F020,BP Dia_mmHg,No Pain,70.97943605512135,9.65026963487382,65.6215,78.3502
F020,EDA_microsiemens,No Pain,5.304073446729741,0.14695157864574018,4.75769,6.43158
F020,LA Systolic BP_mmHg,No Pain,97.91949361168244,1.8722932166365511,95.9518,101.504
F020,Respiration Rate_BPM,No Pain,11.585053668449198,12.34221272636195,5.19526,17.0455
F020,BP Dia_mmHg,Pain,67.57746262201096,13.63532809146335,58.4155,74.5995
F020,EDA_microsiemens,Pain,5.644093102434776,2.999857192482405,0.814818,7.28607
F020,LA Systolic BP_mmHg,Pain,90.11453699698828,162.36237157999486,0,98.846
F020,Respiration Rate_BPM,Pain,13.991436056460685,14.987525849924968,8.17216,19.4175
F021,BP Dia_mmHg,No Pain,74.83054446104057,16.278460832449174,65.3012,85.8031
F021,EDA_microsiemens,No Pain,0.1939813915266368,0.006271942852043483,0.0427237,0.476073
F021,LA Systolic BP_mmHg,No Pain,121.77330828354494,24.23620877419744,112.479,130.381
F021,Respiration Rate_BPM,No Pain,9.46509390278815,44.60206318640839,0,19.98
F021,BP Dia_mmHg,Pain,88.37077519591969,734.4104516434019,0,129.613
F021,EDA_microsiemens,Pain,1.6940222325453367,0.07942987674936502,0.326537,2.27814
F021,LA Systolic BP_mmHg,Pain,120.18404294041451,1648.844902723362,0,232.33
F021,Respiration Rate_BPM,Pain,16.480361172279792,4.928629826608124,11.9784,20
F022,BP Dia_mmHg,No Pain,73.21475762176273,6.1323253757817335,69.053,77.945
F022,EDA_microsiemens,No Pain,6.226538012639967,0.04524624034393608,5.8197,6.58874
F022,LA Systolic BP_mmHg,No Pain,123.27830954180119,6.434116589372771,118.919,128.668
F022,Respiration Rate_BPM,No Pain,13.127679789791852,6.178090196312413,9.83929,17.8147
F022,BP Dia_mmHg,Pain,71.86551884000853,13.370920943785716,64.6808,85.3009
F022,EDA_microsiemens,Pain,2.1767001894838827,0.15154916375086785,0.877379,3.27148
F022,LA Systolic BP_mmHg,Pain,111.7682232458085,3.9798198041574677,105.862,118.21
F022,Respiration Rate_BPM,Pain,18.231361067047636,7.811778888918876,10.4803,20
F023,BP Dia_mmHg,No Pain,57.87080668458969,20.82721528410583,51.1803,71.0618
F023,EDA_microsiemens,No Pain,0.4236954150135728,0.006457021887769552,0.238036,0.587462
F023,LA Systolic BP_mmHg,No Pain,118.66355457820003,11.04847589851158,110.589,124.296
F023,Respiration Rate_BPM,No Pain,11.136434672948424,56.35151383632324,0,19.9601
F023,BP Dia_mmHg,Pain,45.642062822894275,798.820772955882,-4.12174,94.8133
F023,EDA_microsiemens,Pain,12.50628329039563,0.48536160255225813,11.7813,15.1794
F023,LA Systolic BP_mmHg,Pain,78.12773827029422,2857.44148074234,-3.82633,151.267
F023,Respiration Rate_BPM,Pain,18.64968569600105,5.2818722488779315,12.0385,19.9933
F024,BP Dia_mmHg,No Pain,50.95291738268094,3.8974093971481523,47.7239,55.9956
F024,EDA_microsiemens,No Pain,5.867164532969089,0.020328464099053985,5.65185,6.18591
F024,LA Systolic BP_mmHg,No Pain,80.2725728426016,3.3504716836226858,77.5314,84.5623
F024,Respiration Rate_BPM,No Pain,14.541891435521293,21.31158318024472,0,19.802
F024,BP Dia_mmHg,Pain,42.017407650475015,339.869072591927,-4.21037,55.582
F024,EDA_microsiemens,Pain,9.29369229128709,0.08599801824026894,8.28247,9.96704
F024,LA Systolic BP_mmHg,Pain,46.70082856145888,521.8138841209177,-3.94449,63.2923
F024,Respiration Rate_BPM,Pain,0,0,0,0
F025,BP Dia_mmHg,No Pain,67.94502914078674,10.25964931566171,62.9083,74.5477
F025,EDA_microsiemens,No Pain,4.179449869220152,0.012775125849801729,4.02985,4.49371
F025,LA Systolic BP_mmHg,No Pain,124.08520831608006,15.01715340906849,113.602,129.525
F025,Respiration Rate_BPM,No Pain,14.083165902001381,17.852569036051715,8.14332,19.9402
F025,BP Dia_mmHg,Pain,80.7879271200092,692.4548864331285,0,120.042
F025,EDA_microsiemens,Pain,5.846006450350938,0.07282987544574845,5.35126,6.53839
F025,LA Systolic BP_mmHg,Pain,139.6405320282065,1783.9220858787041,0,233.807
F025,Respiration Rate_BPM,Pain,15.53004046912241,16.6751014779156,7.06547,20
F026,BP Dia_mmHg,No Pain,82.03644119912875,8.68075519331956,76.4088,90.3821
F026,EDA_microsiemens,No Pain,14.403644058236845,0.5479558559659212,13.1973,16.1468
F026,LA Systolic BP_mmHg,No Pain,124.44518461538462,6.866823144758037,118.594,129.554
F026,Respiration Rate_BPM,No Pain,15.181649910810501,26.35322469106545,0,20
F026,BP Dia_mmHg,Pain,81.54787780315853,14.507729828948376,71.9481,91.0615
F026,EDA_microsiemens,Pain,1.0199922805212733,0.005177490491972283,0.837707,1.11694
F026,LA Systolic BP_mmHg,Pain,117.48943396164401,9.469165694747328,110.707,126.925
F026,Respiration Rate_BPM,Pain,14.498150635486681,20.35656039778021,0,20
F027,BP Dia_mmHg,No Pain,109.5129977876689,89.66123125283961,0,117.797
F027,EDA_microsiemens,No Pain,15.422622713266085,0.7528776781182064,14.447,17.9352
F027,LA Systolic BP_mmHg,No Pain,132.42744815507388,14.18545766387993,124.237,141.253
F027,Respiration Rate_BPM,No Pain,12.370360475124443,28.830877389430686,0,19.4426
F027,BP Dia_mmHg,Pain,73.91879482250026,121.03975482401572,0,88.0483
F027,EDA_microsiemens,Pain,4.015434866239446,11.136391806476652,0.556945,11.3861
F027,LA Systolic BP_mmHg,Pain,99.3007981334554,460.08570456514934,0,137.206
F027,Respiration Rate_BPM,Pain,19.65348711728207,0.32997346362478036,18.3094,20
F028,BP Dia_mmHg,No Pain,138.9494700623783,11.032383104582797,132.597,147.25
F028,EDA_microsiemens,No Pain,26.13274631689777,0.6526223872634874,24.4522,27.6688
F028,LA Systolic BP_mmHg,No Pain,162.16032826095594,196.43960515517045,0,174.517
F028,Respiration Rate_BPM,No Pain,17.258042055703445,17.422790970909432,0,19.98
F028,BP Dia_mmHg,Pain,93.65799422356717,3668.378050234726,0,146.482
F028,EDA_microsiemens,Pain,15.492897343342474,13.271150357101668,10.2753,22.197
F028,LA Systolic BP_mmHg,Pain,103.04981580619274,5893.174647573218,0,249.05
F028,Respiration Rate_BPM,Pain,18.216049058717314,7.679050902932186,9.9734,20
F029,BP Dia_mmHg,No Pain,61.57965463105704,11.735843126920319,0,75.7589
F029,EDA_microsiemens,No Pain,4.024626639306695,0.02795332581955527,3.76587,4.33807
F029,LA Systolic BP_mmHg,No Pain,98.76991489104621,4.6185119432707475,95.1383,103.351
F029,Respiration Rate_BPM,No Pain,15.161481052456146,42.76555232528695,0,20
F029,BP Dia_mmHg,Pain,63.918674871870685,176.7967900106295,0,85.3304
F029,EDA_microsiemens,Pain,5.072104317136474,0.11560898984215053,3.9978,5.7724
F029,LA Systolic BP_mmHg,Pain,81.1070429167488,414.64205891192273,0,118.831
F029,Respiration Rate_BPM,Pain,12.107301948222617,23.929075330103963,0,20
F030,BP Dia_mmHg,No Pain,61.05335944092279,166.03263114502283,0,73.0411
F030,EDA_microsiemens,No Pain,0.6682698916138419,0.009787749214505747,0.553893,0.981139
F030,LA Systolic BP_mmHg,No Pain,104.59448998579792,252.20687083727015,0,119.126
F030,Respiration Rate_BPM,No Pain,17.267803792649556,20.145655008160244,0,19.7239
F030,BP Dia_mmHg,Pain,107.18918801154695,321.60189846458394,0,145.27
F030,EDA_microsiemens,Pain,13.198563954831041,1.5658045392698328,9.12628,14.6652
F030,LA Systolic BP_mmHg,Pain,153.99784965189335,1719.4193459188089,0,215.786
F030,Respiration Rate_BPM,Pain,12.609842562404483,15.446360358721543,7.18649,20
M001,BP Dia_mmHg,No Pain,69.36276175205587,15.556663748157169,61.4312,76.7043
M001,EDA_microsiemens,No Pain,3.2177530110449712,0.8234063717044733,1.35193,4.94995
M001,LA Systolic BP_mmHg,No Pain,136.47852719953204,395.13478072074355,0,158.003
M001,Respiration Rate_BPM,No Pain,16.01015857275574,9.581028280812799,10.6952,20
M001,BP Dia_mmHg,Pain,93.01115450714872,61.93746588830237,76.6452,103.292
M001,EDA_microsiemens,Pain,5.441120337895431,0.06357052899178166,5.22003,6.62537
M001,LA Systolic BP_mmHg,Pain,137.5075284259959,36.9950184764146,125.212,148.52
M001,Respiration Rate_BPM,Pain,13.73955746634716,27.905697088548212,0,20
M002,BP Dia_mmHg,No Pain,78.84701234226023,7.530882161370078,73.4842,84.8282
M002,EDA_microsiemens,No Pain,6.563605867919237,0.04690688382882568,6.21338,7.06482
M002,LA Systolic BP_mmHg,No Pain,120.25330335109366,212.40870224954602,0,132.184
M002,Respiration Rate_BPM,No Pain,12.905539203589456,6.808610550697749,7.3928,14.8112
M002,BP Dia_mmHg,Pain,80.52720065660891,37.13663413573371,0,90.5593
M002,EDA_microsiemens,Pain,7.467844126534467,0.06196488393263095,7.14111,8.07342
M002,LA Systolic BP_mmHg,Pain,112.14275580297341,447.6781498900327,0,127.811
M002,Respiration Rate_BPM,Pain,13.234030501130949,13.529183528587012,8.66676,20
M003,BP Dia_mmHg,No Pain,85.17503979625293,83.92986971377138,0,95.6109
M003,EDA_microsiemens,No Pain,1.4918622199063232,0.026927738911784235,1.28937,1.91193
M003,LA Systolic BP_mmHg,No Pain,123.69656388758783,18.943048369439918,116.32,135.817
M003,Respiration Rate_BPM,No Pain,8.931771597658079,34.56860966420297,0,18.3374
M003,BP Dia_mmHg,Pain,90.75279002440263,20.347936590374292,75.1386,97.088
M003,EDA_microsiemens,Pain,4.654174592279598,0.1380364478632108,4.18243,6.05163
M003,LA Systolic BP_mmHg,Pain,148.1707039257112,42.2552482409114,131.681,160.957
M003,Respiration Rate_BPM,Pain,17.610322199839498,2.9148952488685866,13.0435,20
M004,BP Dia_mmHg,No Pain,68.33184732216749,28.636353131941966,58.7429,85.8917
M004,EDA_microsiemens,No Pain,19.101386561576355,0.07361807408124449,18.6234,19.7723
M004,LA Systolic BP_mmHg,No Pain,152.9161400591133,18.175551049429714,142.996,159.244
M004,Respiration Rate_BPM,No Pain,17.257802104433498,4.462951352615576,14.3506,20
M004,BP Dia_mmHg,Pain,82.52671515762925,54.54089676464895,67.6941,102.671
M004,EDA_microsiemens,Pain,30.498184314312738,4.766618983163371,24.3546,34.7275
M004,LA Systolic BP_mmHg,Pain,167.0697322667087,54.85614630822601,153.542,184.354
M004,Respiration Rate_BPM,Pain,15.44670950819672,13.587220754641857,6.79425,20
M005,BP Dia_mmHg,No Pain,65.36323691408364,6.198801153453263,62.4356,72.5684
M005,EDA_microsiemens,No Pain,2.88033156280446,2.9969870914525845,1.02692,4.99115
M005,LA Systolic BP_mmHg,No Pain,105.44741355320608,13.291262790184382,97.1766,111.652
M005,Respiration Rate_BPM,No Pain,13.890580135676396,17.31004122392302,4,19.8807
M005,BP Dia_mmHg,Pain,70.91746918127794,11.591006482343628,59.3338,80.5151
M005,EDA_microsiemens,Pain,0.16653209774077893,0.06502391555045436,0.0244133,1.80664
M005,LA Systolic BP_mmHg,Pain,114.92377235892147,15.905516660156032,103.233,121.962
M005,Respiration Rate_BPM,Pain,10.454972900807098,16.27411223641061,0,19.3611
M006,BP Dia_mmHg,No Pain,49.10700954136691,29.002986043333223,39.984,62.4947
M006,EDA_microsiemens,No Pain,17.344180680455636,0.3652094478569063,16.4383,18.6768
M006,LA Systolic BP_mmHg,No Pain,114.53890425659472,34.399923065505426,100.781,128.639
M006,Respiration Rate_BPM,No Pain,12.263076493405276,5.147149183253963,7.54337,15.536
M006,BP Dia_mmHg,Pain,52.456096705741004,28.508856396890156,43.8244,67.9008
M006,EDA_microsiemens,Pain,17.08177131445642,0.20672563657317386,16.5253,18.9011
M006,LA Systolic BP_mmHg,Pain,114.84198618327055,26.21181259676319,99.54,123.38
M006,Respiration Rate_BPM,Pain,9.630572745324068,15.73455242810155,0,19.9867
M007,BP Dia_mmHg,No Pain,47.239339517166655,14.93069482896656,39.4259,53.9856
M007,EDA_microsiemens,No Pain,10.483165890160492,0.17006153744346153,10.0265,11.7035
M007,LA Systolic BP_mmHg,No Pain,101.98212037990113,12.354082273326215,96.0699,113.435
M007,Respiration Rate_BPM,No Pain,17.54155729430487,35.51296794808765,0,19.9933
M007,BP Dia_mmHg,Pain,90.12192952560098,488.38107989681356,0,103.63
M007,EDA_microsiemens,Pain,1.7395175493528023,1.1971021202565006,0.14038,3.37982
M007,LA Systolic BP_mmHg,Pain,97.0503068991902,801.375005509541,0,122.206
M007,Respiration Rate_BPM,Pain,15.878629852547345,11.777730569167241,5.80215,19.4995
M008,BP Dia_mmHg,No Pain,65.12621569577719,9.665527750003715,60.1579,74.7767
M008,EDA_microsiemens,No Pain,0.8071744706148428,0.0046453998113697905,0.604247,0.92163
M008,LA Systolic BP_mmHg,No Pain,107.36530264611805,31.1618869324935,93.2347,114.233
M008,Respiration Rate_BPM,No Pain,15.821037439824238,28.71855437958109,0,19.9933
M008,BP Dia_mmHg,Pain,78.71765047818194,42.60825875273858,62.9045,86.9147
M008,EDA_microsiemens,Pain,1.5436400663295078,0.06605302864971241,0.94757,1.98364
M008,LA Systolic BP_mmHg,Pain,112.87333933086948,17.69424246033373,97.96,118.013
M008,Respiration Rate_BPM,Pain,16.4773235395189,14.478959253913148,10.644,20
M009,BP Dia_mmHg,No Pain,63.317258456256354,7.200618327082914,58.7429,73.1593
M009,EDA_microsiemens,No Pain,16.39712324940658,0.014174810143601663,16.2415,16.7068
M009,LA Systolic BP_mmHg,No Pain,123.88153598677518,8.861068289917641,116.349,128.284
M009,Respiration Rate_BPM,No Pain,9.67919470159376,21.097036433085403,0,16.5198
M009,BP Dia_mmHg,Pain,48.454162221418116,10.061378833478342,41.9928,59.1565
M009,EDA_microsiemens,Pain,22.511562415500254,1.809120132357737,19.2703,24.9634
M009,LA Systolic BP_mmHg,Pain,103.00103227191236,51.46435546009357,90.7956,117.649
M009,Respiration Rate_BPM,Pain,16.62943429299824,10.49971400100612,8.82613,19.9933
M010,BP Dia_mmHg,No Pain,59.29221637941051,23.31363818660095,51.8592,69.7561
M010,EDA_microsiemens,No Pain,3.771544039660715,0.0016710917480387086,3.69263,3.88794
M010,LA Systolic BP_mmHg,No Pain,119.79236368565785,27.268101688395376,113.317,128.527
M010,Respiration Rate_BPM,No Pain,16.947048104109378,2.935127531838821,15.1057,19.9468
M010,BP Dia_mmHg,Pain,74.74113006357236,98.94352317683334,0,83.1345
M010,EDA_microsiemens,Pain,3.777920667167954,0.09016044887791143,3.00751,4.09851
M010,LA Systolic BP_mmHg,Pain,110.59078260304874,68.78921128357412,99.5843,126.636
M010,Respiration Rate_BPM,Pain,12.982586736619044,7.880333757167061,9.83929,16.38
M011,BP Dia_mmHg,No Pain,93.1916323943662,16.092572283568675,88.0074,106.938
M011,EDA_microsiemens,No Pain,1.4024144560114309,0.0021953310138247747,1.31378,1.51977
M011,LA Systolic BP_mmHg,No Pain,162.519231203647,5.567058760274211,156.701,166.417
M011,Respiration Rate_BPM,No Pain,13.71480487344356,10.922540352091664,8.59353,19.1693
M011,BP Dia_mmHg,Pain,102.24879747005096,36.80882197733803,84.7883,122.472
M011,EDA_microsiemens,Pain,1.959357528790787,0.007733916304386943,1.70441,2.08282
M011,LA Systolic BP_mmHg,Pain,170.6240974750149,32.64772526100395,159.27,182.601
M011,Respiration Rate_BPM,Pain,14.540058247567675,21.964104819249457,6.58183,20
M012,BP Dia_mmHg,No Pain,72.1114335355357,18.723115573721493,65.5671,85.3895
M012,EDA_microsiemens,No Pain,4.696250797879608,0.013736075645658048,4.48303,5.00946
M012,LA Systolic BP_mmHg,No Pain,114.57154531792223,5.161619578043781,108.521,118.86
M012,Respiration Rate_BPM,No Pain,16.126160025138674,9.77363493163373,9.70874,20
M012,BP Dia_mmHg,Pain,80.65459387001357,31.087633746071752,69.437,102.849
M012,EDA_microsiemens,Pain,2.217808910411662,0.6106814839102466,0.935363,4.44336
M012,LA Systolic BP_mmHg,Pain,131.26196912944715,77.45775164874466,116.615,151.09
M012,Respiration Rate_BPM,Pain,14.722105328888235,16.033815173518523,7.04639,19.9933
M013,BP Dia_mmHg,No Pain,82.25430290609735,5.117515008220077,77.236,88.8754
M013,EDA_microsiemens,No Pain,7.052460264325919,0.0740764085920795,5.36804,7.88422
M013,LA Systolic BP_mmHg,No Pain,130.3215409754767,7.898941018809214,124.119,136.438
M013,Respiration Rate_BPM,No Pain,13.8044695169729,20.03716927104191,0,20
M013,BP Dia_mmHg,Pain,79.89384776091612,5.428581941996151,75.7294,83.7943
M013,EDA_microsiemens,Pain,4.606394107624988,0.07227378888306998,2.92969,4.85229
M013,LA Systolic BP_mmHg,Pain,128.64637910809049,11.022797568740387,123.764,134.429
M013,Respiration Rate_BPM,Pain,17.745870114514478,2.037232461287406,15.1134,19.3924
M014,BP Dia_mmHg,No Pain,83.81440844130279,163.1579841730073,-5.06708,96.0541
M014,EDA_microsiemens,No Pain,35.7785452189215,1.7938609500191967,33.3527,38.7573
M014,LA Systolic BP_mmHg,No Pain,119.96699873419232,251.1770310552491,-4.41716,128.786
M014,Respiration Rate_BPM,No Pain,17.48784462837032,5.395343911773573,12.8041,19.9203
M014,BP Dia_mmHg,Pain,89.2230966987169,33.97387671829971,73.2183,101.933
M014,EDA_microsiemens,Pain,34.27792219505792,1.52292326893177,32.4936,37.709
M014,LA Systolic BP_mmHg,Pain,164.108971039937,19.69247057796186,153.335,176.26
M014,Respiration Rate_BPM,Pain,13.108318945623994,24.28848448052485,0,18.5989
M015,BP Dia_mmHg,No Pain,82.69464886439374,12.546048502338293,77.5019,91.7114
M015,EDA_microsiemens,No Pain,4.122673090233273,0.08287991817538445,3.7262,4.94995
M015,LA Systolic BP_mmHg,No Pain,122.00042878749039,3.605232934929674,116.142,126.364
M015,Respiration Rate_BPM,No Pain,13.652299840810048,15.373851714085843,8.96727,19.9734
M015,BP Dia_mmHg,Pain,79.21136404503575,9.609856556523308,71.6526,88.1664
M015,EDA_microsiemens,Pain,1.3906891259593828,0.002038634973953741,1.33819,1.58081
M015,LA Systolic BP_mmHg,Pain,116.24225388253392,3.4109261589903843,111.829,121.549
M015,Respiration Rate_BPM,Pain,15.765283926882354,7.611725340867438,6.64084,19.9468
M016,BP Dia_mmHg,No Pain,62.96448883881352,66.65313830929573,0,83.1443
M016,EDA_microsiemens,No Pain,5.663496814670039,0.26564331726542884,4.58221,6.74438
M016,LA Systolic BP_mmHg,No Pain,138.83585734651643,324.4944419254289,0,164.207
M016,Respiration Rate_BPM,No Pain,13.369802242124626,34.91267350349427,6.34921,20
M016,BP Dia_mmHg,Pain,112.08704077449862,145.1371671989099,0,136.94
M016,EDA_microsiemens,Pain,6.821894883254525,0.6065862025931096,5.04913,7.9834
M016,LA Systolic BP_mmHg,Pain,138.53733164845914,87.66697579119618,114.37,156.29
M016,Respiration Rate_BPM,Pain,17.191746472199576,14.113524757080848,9.68054,20
M017,BP Dia_mmHg,No Pain,51.42599307116672,9.823941120118326,47.7239,57.7385
M017,EDA_microsiemens,No Pain,13.757514206077499,2.110347390471695,12.0102,17.0883
M017,LA Systolic BP_mmHg,No Pain,98.91487071227316,4.536895919692107,95.7586,103.144
M017,Respiration Rate_BPM,No Pain,7.927810263580453,34.6100687696922,0,19.0718
M017,BP Dia_mmHg,Pain,62.321114949165306,22.111079494927555,54.9911,70.5301
M017,EDA_microsiemens,Pain,5.6686880389122605,25.781059130646433,-0.00457854,11.3846
M017,LA Systolic BP_mmHg,Pain,97.77197243211582,11.79015580199187,93.159,106.512
M017,Respiration Rate_BPM,Pain,19.29500240575708,0.9623128005611585,16.8445,20
M018,BP Dia_mmHg,No Pain,75.81887133694894,3.2747592775808316,72.7457,82.8785
M018,EDA_microsiemens,No Pain,0.3886786397821635,0.010794198973729656,0.24414,1.20087
M018,LA Systolic BP_mmHg,No Pain,103.51925426558948,4.07246813828932,97.8266,108.432
M018,Respiration Rate_BPM,No Pain,13.579964600670612,44.7849539684752,0,20
M018,BP Dia_mmHg,Pain,76.52091517868853,22.126691219746817,0,83.2625
M018,EDA_microsiemens,Pain,14.341857304918033,0.022788579884341263,13.9679,14.7552
M018,LA Systolic BP_mmHg,Pain,102.22642340327869,214.25181349693617,0,111.859
M018,Respiration Rate_BPM,Pain,13.071131160491804,18.90955323518321,6.17665,19.9933
M019,BP Dia_mmHg,No Pain,58.54520068430657,4.290737750341283,54.7548,63.3514
M019,EDA_microsiemens,No Pain,9.250522740958859,0.013867074606277223,9.05456,9.54285
M019,LA Systolic BP_mmHg,No Pain,98.60159046947578,8.606022945585417,93.7203,105.182
M019,Respiration Rate_BPM,No Pain,12.204800123589914,38.5494714444697,0,19.9933
M019,BP Dia_mmHg,Pain,77.41934385633891,92.07061225768216,0,90.5002
M019,EDA_microsiemens,Pain,0.9113811717501518,0.006360005485188391,0.764464,1.05896
M019,LA Systolic BP_mmHg,Pain,101.88385541518319,153.1049141916881,0,117.531
M019,Respiration Rate_BPM,Pain,13.56856551707165,9.399440653868826,10.4584,20
M020,BP Dia_mmHg,No Pain,64.47882598531903,6.711909733811639,61.1949,74.1932
M020,EDA_microsiemens,No Pain,5.75314661434218,0.25680755775229985,5.02472,7.10144
M020,LA Systolic BP_mmHg,No Pain,102.46644671560324,8.801465219628295,95.4041,107.959
M020,Respiration Rate_BPM,No Pain,15.397189175230567,24.245628389921734,0,19.9867
M020,BP Dia_mmHg,Pain,69.28774278413199,31.13335017565531,0,83.4988
M020,EDA_microsiemens,Pain,7.873597306744232,0.29950786428116716,7.05566,9.34296
M020,LA Systolic BP_mmHg,Pain,96.46607733846052,25.710176288018765,85.8031,107.989
M020,Respiration Rate_BPM,Pain,11.225433191842503,15.066283576645981,0,19.4426
M021,BP Dia_mmHg,No Pain,58.16084852320675,4.108039865912473,55.5524,66.2465
M021,EDA_microsiemens,No Pain,2.9980460858773887,0.0014272428108900725,2.92969,3.06396
M021,LA Systolic BP_mmHg,No Pain,95.72369088690328,1.7675291216995141,92.5091,97.9447
M021,Respiration Rate_BPM,No Pain,16.37102374865558,6.847064607458568,12.1261,19.6014
M021,BP Dia_mmHg,Pain,62.97221260453906,139.40410127298648,0,81.3423
M021,EDA_microsiemens,Pain,15.757920841488863,0.5203863447838464,13.8611,17.6788
M021,LA Systolic BP_mmHg,Pain,91.34201887122082,114.3928073248514,77.8564,111.652
M021,Respiration Rate_BPM,Pain,13.611975742085766,19.55489413461488,0,20
M022,BP Dia_mmHg,No Pain,76.03024981722474,15.859313371940875,64.6513,84.6805
M022,EDA_microsiemens,No Pain,3.4859204532826435,0.054496167403736744,2.98004,4.07867
M022,LA Systolic BP_mmHg,No Pain,116.81146568211727,8.737136013817572,110.618,121.667
M022,Respiration Rate_BPM,No Pain,12.443003168007019,15.961627507573398,6.62691,19.9867
M022,BP Dia_mmHg,Pain,62.991150492356596,685.0354950698877,0,84.2078
M022,EDA_microsiemens,Pain,2.9850336842363965,0.025802198598242933,2.67334,3.27301
M022,LA Systolic BP_mmHg,Pain,65.55868066947389,842.8066722467626,0,87.9596
M022,Respiration Rate_BPM,Pain,10.893760134353546,32.038783171898004,0,19.9734
M023,BP Dia_mmHg,No Pain,79.46910929505889,22.317999489879615,73.3886,97.2512
M023,EDA_microsiemens,No Pain,15.726111520104384,0.33350606487964446,14.8651,17.1768
M023,LA Systolic BP_mmHg,No Pain,154.29990110908903,16.90116387958225,143.352,160.304
M023,Respiration Rate_BPM,No Pain,17.18761713422381,12.324670426929812,10.4149,19.9867
M023,BP Dia_mmHg,Pain,84.68521843791946,28.12604977635579,74.127,99.6729
M023,EDA_microsiemens,Pain,14.524941333892617,0.2043842364292011,13.2965,15.5228
M023,LA Systolic BP_mmHg,Pain,140.19717010067114,129.60127317833386,0,169.134
M023,Respiration Rate_BPM,Pain,10.934309681879196,11.287637370752833,0,18.2983
M024,BP Dia_mmHg,No Pain,67.52981079349017,2.5663829656009143,64.6217,69.9392
M024,EDA_microsiemens,No Pain,7.886905535879922,0.7158797538068702,6.35986,9.40552
M024,LA Systolic BP_mmHg,No Pain,112.3396240408129,2.055656280245055,109.614,115.522
M024,Respiration Rate_BPM,No Pain,17.306189729319502,8.60727348358553,10.7972,19.9667
M024,BP Dia_mmHg,Pain,67.37610735540447,28.204391411037978,57.0295,79.5698
M024,EDA_microsiemens,Pain,1.62594077298256,0.005950446334352317,1.46942,1.88599
M024,LA Systolic BP_mmHg,Pain,111.80519226853221,7.164023183763657,104.208,117.974
M024,Respiration Rate_BPM,Pain,16.254057550826026,32.121930639237156,0,20
M025,BP Dia_mmHg,No Pain,69.07538687354852,24.565228600394505,63.4401,83.9124
M025,EDA_microsiemens,No Pain,6.303668608596142,0.11612447786563039,5.76019,6.95648
M025,LA Systolic BP_mmHg,No Pain,142.22068459493119,13.53916599789091,131.711,147.427
M025,Respiration Rate_BPM,No Pain,6.283101519302615,27.960812640306884,0,19.1022
M025,BP Dia_mmHg,Pain,73.69025693668605,27.5083984760739,63.5582,86.4235
M025,EDA_microsiemens,Pain,3.0065086688508478,0.10751854104383118,2.58942,4.37164
M025,LA Systolic BP_mmHg,Pain,107.36312943730036,24.496710669094455,0,115.433
M025,Respiration Rate_BPM,Pain,15.360496951101647,31.426995275566917,0,19.9933
M026,BP Dia_mmHg,No Pain,80.26127527374463,107.60381941237846,0,89.3776
M026,EDA_microsiemens,No Pain,8.494081051082919,0.10345913032259514,8.0368,9.22394
M026,LA Systolic BP_mmHg,No Pain,122.94970054507742,22.3634416826331,117.679,136.526
M026,Respiration Rate_BPM,No Pain,11.727290869712025,54.72519015921916,0,19.8939
M026,BP Dia_mmHg,Pain,80.2101033358419,32.665000727227884,0,85.2713
M026,EDA_microsiemens,Pain,6.391170316733198,0.03293153707785396,6.04401,6.9458
M026,LA Systolic BP_mmHg,Pain,109.4498692166743,3.9815933330909505,105.655,117.501
M026,Respiration Rate_BPM,Pain,17.211940162620248,3.5616259485554496,13.8344,19.9468
M027,BP Dia_mmHg,No Pain,72.20225014414181,9.230003162251377,66.9851,81.8445
M027,EDA_microsiemens,No Pain,7.96070032442666,0.019725243971495426,7.71789,8.32672
M027,LA Systolic BP_mmHg,No Pain,99.17486446796609,2.0895968412761485,95.7586,102.11
M027,Respiration Rate_BPM,No Pain,14.62161347102104,28.414421321586026,0,19.9468
M027,BP Dia_mmHg,Pain,73.68622123268538,45.45521166033033,0,83.0557
M027,EDA_microsiemens,Pain,10.087186561724643,0.2476396164950777,7.29217,10.9726
M027,LA Systolic BP_mmHg,Pain,101.7548666639281,14.267154045646057,88.0778,109.259
M027,Respiration Rate_BPM,Pain,14.006416088006704,24.964841358609725,0,20
M028,BP Dia_mmHg,No Pain,68.25228331249858,13.78856427709628,60.3973,81.815
M028,EDA_microsiemens,No Pain,8.544662447666886,0.32643022183463294,7.8598,10.2585
M028,LA Systolic BP_mmHg,No Pain,115.89423492510853,11.350110620461269,107.605,124.916
M028,Respiration Rate_BPM,No Pain,14.411976455667432,16.27360444027806,5.06842,19.9933
M028,BP Dia_mmHg,Pain,69.63152853460971,36.31296245404559,0,80.8696
M028,EDA_microsiemens,Pain,5.702294189525037,0.0571938239267422,4.59442,6.01044
M028,LA Systolic BP_mmHg,Pain,107.3488029132916,622.9894104764775,0,128.609
M028,Respiration Rate_BPM,Pain,9.969463547496318,28.743992701606267,0,15.932
M029,BP Dia_mmHg,No Pain,84.24550230012855,14.824558136485324,76.9031,89.2773
M029,EDA_microsiemens,No Pain,18.454728511865465,0.27009552143096455,17.5705,19.4778
M029,LA Systolic BP_mmHg,No Pain,128.73026159619192,3.6879168410508054,121.498,132.1
M029,Respiration Rate_BPM,No Pain,18.509418407977485,5.135891496662527,11.8906,20
M029,BP Dia_mmHg,Pain,89.9115309275353,46.6377242077523,73.9202,102.419
M029,EDA_microsiemens,Pain,4.018821837947857,0.9906350487861543,3.18603,8.67004
M029,LA Systolic BP_mmHg,Pain,134.50489106064032,23.357019317103838,125.101,143.382
M029,Respiration Rate_BPM,Pain,14.460746460763092,26.262040705507225,0,20
M030,BP Dia_mmHg,No Pain,78.61327902688754,40.27911673357426,65.9464,96.2175
M030,EDA_microsiemens,No Pain,5.107761722717057,0.0153851021276086,4.87976,5.36957
M030,LA Systolic BP_mmHg,No Pain,144.98609585449097,2.8928175958479456,140.812,147.428
M030,Respiration Rate_BPM,No Pain,14.323717238408392,17.689978377497674,8.23949,19.9867
M030,BP Dia_mmHg,Pain,68.79354915754341,11.838604449522872,61.9004,81.3035
M030,EDA_microsiemens,Pain,2.5807727214975573,0.5316802787446233,1.56097,4.216
M030,LA Systolic BP_mmHg,Pain,125.91381008045661,12.542331752981909,112.608,131.568
M030,Respiration Rate_BPM,Pain,16.305936091001435,12.029013606547146,10.5522,20
